PDB_ID	CHAIN_ID	LENGTH	ALLELE
1T0M	A	278	H2-Kb
1T0M	B	99	H2-Kb
1T0M	P	8	H2-Kb
1T0M	D	278	H2-Kb
1T0M	E	99	H2-Kb
1T0M	Q	8	H2-Kb
1T0N	A	278	H2-Kb_Y22F,_M23I,_E24S,_D30N_mutant
1T0N	B	99	H2-Kb_Y22F,_M23I,_E24S,_D30N_mutant
1T0N	P	8	H2-Kb_Y22F,_M23I,_E24S,_D30N_mutant
1T0N	D	278	H2-Kb_Y22F,_M23I,_E24S,_D30N_mutant
1T0N	E	99	H2-Kb_Y22F,_M23I,_E24S,_D30N_mutant
1T0N	Q	8	H2-Kb_Y22F,_M23I,_E24S,_D30N_mutant
1WBX	A	275	H2-Db
1WBX	B	99	H2-Db
1WBX	C	10	H2-Db
1WBY	A	275	H2-Db
1WBY	B	99	H2-Db
1WBY	C	10	H2-Db
1WBZ	A	275	H2-Kb
1WBZ	B	99	H2-Kb
1WBZ	C	275	H2-Kb
1WBZ	D	99	H2-Kb
1WBZ	P	9	H2-Kb
1WBZ	Q	9	H2-Kb
1OGT	A	276	HLA-B*27:05
1OGT	B	100	HLA-B*27:05
1OGT	C	9	HLA-B*27:05
1OF2	A	276	HLA-B*27:09
1OF2	B	100	HLA-B*27:09
1OF2	C	9	HLA-B*27:09
1S9W	A	274	HLA-A*02:01
1S9W	B	100	HLA-A*02:01
1S9W	C	9	HLA-A*02:01
1S9Y	A	274	HLA-A*02:01
1S9Y	B	100	HLA-A*02:01
1S9Y	C	9	HLA-A*02:01
1S9X	A	274	HLA-A*02:01
1S9X	B	100	HLA-A*02:01
1S9X	C	9	HLA-A*02:01
1XH3	A	276	HLA-B*35:01
1XH3	B	99	HLA-B*35:01
1XH3	C	14	HLA-B*35:01
1B0R	A	269	HLA-A*02:01
1B0R	B	100	HLA-A*02:01
1B0R	C	7	HLA-A*02:01
1YN6	A	273	H2-Db
1YN6	B	100	H2-Db
1YN6	C	10	H2-Db
1YN7	A	273	H2-Db
1YN7	B	100	H2-Db
1YN7	C	10	H2-Db
1X7Q	A	275	HLA-A*11:01
1X7Q	B	99	HLA-A*11:01
1X7Q	C	9	HLA-A*11:01
1ZT1	A	273	H2-Kk
1ZT1	B	98	H2-Kk
1ZT1	P	8	H2-Kk
1ZT7	A	275	H2-Kk
1ZT7	B	99	H2-Kk
1ZT7	C	275	H2-Kk
1ZT7	D	99	H2-Kk
1ZT7	P	9	H2-Kk
1ZT7	Q	9	H2-Kk
1N5A	A	276	H2-Db
1N5A	B	98	H2-Db
1N5A	C	9	H2-Db
1N5A	D	274	H2-Db
1N5A	E	99	H2-Db
1N5A	F	9	H2-Db
1N5A	G	273	H2-Db
1N5A	H	99	H2-Db
1N5A	I	9	H2-Db
1N5A	J	273	H2-Db
1N5A	K	99	H2-Db
1N5A	L	9	H2-Db
1N59	A	276	H2-Kb
1N59	B	99	H2-Kb
1N59	P	8	H2-Kb
1N59	C	276	H2-Kb
1N59	D	99	H2-Kb
1N59	Q	8	H2-Kb
1S7V	A	276	H2-Db
1S7V	B	99	H2-Db
1S7V	C	9	H2-Db
1S7V	D	276	H2-Db
1S7V	E	99	H2-Db
1S7V	F	9	H2-Db
1S7R	A	276	H2-Kb
1S7R	B	99	H2-Kb
1S7R	C	9	H2-Kb
1S7R	D	276	H2-Kb
1S7R	E	99	H2-Kb
1S7R	F	9	H2-Kb
1S7W	A	276	H2-Db
1S7W	B	98	H2-Db
1S7W	C	9	H2-Db
1S7W	D	276	H2-Db
1S7W	E	99	H2-Db
1S7W	F	9	H2-Db
1S7W	G	276	H2-Db
1S7W	H	99	H2-Db
1S7W	I	9	H2-Db
1S7W	J	276	H2-Db
1S7W	K	99	H2-Db
1S7W	L	9	H2-Db
1S7S	A	276	H2-Kb
1S7S	B	99	H2-Kb
1S7S	C	8	H2-Kb
1HOC	A	272	H2-Db
1HOC	B	99	H2-Db
1HOC	C	9	H2-Db
1HHI	A	275	HLA-A*02:01
1HHI	B	100	HLA-A*02:01
1HHI	C	9	HLA-A*02:01
1HHI	D	275	HLA-A*02:01
1HHI	E	100	HLA-A*02:01
1HHI	F	9	HLA-A*02:01
1HHJ	A	275	HLA-A*02:01
1HHJ	B	100	HLA-A*02:01
1HHJ	C	9	HLA-A*02:01
1HHJ	D	275	HLA-A*02:01
1HHJ	E	100	HLA-A*02:01
1HHJ	F	9	HLA-A*02:01
1HHG	A	275	HLA-A*02:01
1HHG	B	100	HLA-A*02:01
1HHG	C	9	HLA-A*02:01
1HHG	D	275	HLA-A*02:01
1HHG	E	100	HLA-A*02:01
1HHG	F	9	HLA-A*02:01
1HHK	A	275	HLA-A*02:01
1HHK	B	100	HLA-A*02:01
1HHK	C	9	HLA-A*02:01
1HHK	D	275	HLA-A*02:01
1HHK	E	100	HLA-A*02:01
1HHK	F	9	HLA-A*02:01
1HHH	A	275	HLA-A*02:01
1HHH	B	100	HLA-A*02:01
1HHH	C	10	HLA-A*02:01
2BSR	A	276	HLA-B*27:05
2BSR	B	100	HLA-B*27:05
2BSR	C	9	HLA-B*27:05
2BSS	A	276	HLA-B*27:05
2BSS	B	100	HLA-B*27:05
2BSS	C	10	HLA-B*27:05
2BST	A	276	HLA-B*27:05
2BST	B	100	HLA-B*27:05
2BST	C	9	HLA-B*27:05
1FFN	A	273	H2-Db
1FFN	B	100	H2-Db
1FFN	C	9	H2-Db
1FFN	D	273	H2-Db
1FFN	E	100	H2-Db
1FFN	F	9	H2-Db
1FFP	A	273	H2-Db
1FFP	B	100	H2-Db
1FFP	C	9	H2-Db
1FFP	D	273	H2-Db
1FFP	E	100	H2-Db
1FFP	F	9	H2-Db
1FFO	A	273	H2-Db
1FFO	B	100	H2-Db
1FFO	C	9	H2-Db
1FFO	D	273	H2-Db
1FFO	E	100	H2-Db
1FFO	F	9	H2-Db
1FG2	A	273	H2-Db
1FG2	B	99	H2-Db
1FG2	C	9	H2-Db
1FG2	D	273	H2-Db
1FG2	E	99	H2-Db
1FG2	F	9	H2-Db
1FG2	G	273	H2-Db
1FG2	H	99	H2-Db
1FG2	I	9	H2-Db
1FG2	J	273	H2-Db
1FG2	K	99	H2-Db
1FG2	L	9	H2-Db
1JPF	A	275	H2-Db
1JPF	B	99	H2-Db
1JPF	C	11	H2-Db
1JPG	A	275	H2-Db
1JPG	B	99	H2-Db
1JPG	C	9	H2-Db
2FWO	A	275	H2-Kd
2FWO	B	99	H2-Kd
2FWO	P	9	H2-Kd
1N3N	A	276	H2-Db
1N3N	B	99	H2-Db
1N3N	C	276	H2-Db
1N3N	D	99	H2-Db
1N3N	E	276	H2-Db
1N3N	F	99	H2-Db
1N3N	G	276	H2-Db
1N3N	H	99	H2-Db
1N3N	I	10	H2-Db
1N3N	J	10	H2-Db
1N3N	K	10	H2-Db
1N3N	L	10	H2-Db
1A1O	A	276	HLA-B*53:01
1A1O	B	99	HLA-B*53:01
1A1O	C	9	HLA-B*53:01
1A1M	A	278	HLA-B*53:01
1A1M	B	99	HLA-B*53:01
1A1M	C	9	HLA-B*53:01
1M05	A	269	HLA-B*08:01
1M05	B	99	HLA-B*08:01
1M05	C	269	HLA-B*08:01
1M05	D	99	HLA-B*08:01
1M05	E	9	HLA-B*08:01
1M05	F	9	HLA-B*08:01
2FYY	A	276	HLA-B*35:01
2FYY	B	99	HLA-B*35:01
2FYY	C	7	HLA-B*35:01
2FZ3	A	276	HLA-B*35:08
2FZ3	B	99	HLA-B*35:08
2FZ3	C	11	HLA-B*35:08
1XR8	A	276	HLA-B*15:01
1XR8	B	99	HLA-B*15:01
1XR8	C	9	HLA-B*15:01
1XR9	A	276	HLA-B*15:01
1XR9	B	99	HLA-B*15:01
1XR9	C	9	HLA-B*15:01
1ZSD	A	276	HLA-B*35:01
1ZSD	B	99	HLA-B*35:01
1ZSD	C	11	HLA-B*35:01
1RJY	A	278	H2-Kb_Y22F,_M23I,_E24S,_D30N_mutant
1RJY	B	100	H2-Kb_Y22F,_M23I,_E24S,_D30N_mutant
1RJY	P	8	H2-Kb_Y22F,_M23I,_E24S,_D30N_mutant
1RJY	D	278	H2-Kb_Y22F,_M23I,_E24S,_D30N_mutant
1RJY	E	100	H2-Kb_Y22F,_M23I,_E24S,_D30N_mutant
1RJY	Q	8	H2-Kb_Y22F,_M23I,_E24S,_D30N_mutant
1RJZ	A	278	H2-Kb_Y22F,_M23I,_E24S,_D30N_mutant
1RJZ	B	100	H2-Kb_Y22F,_M23I,_E24S,_D30N_mutant
1RJZ	P	8	H2-Kb_Y22F,_M23I,_E24S,_D30N_mutant
1RJZ	D	278	H2-Kb_Y22F,_M23I,_E24S,_D30N_mutant
1RJZ	E	100	H2-Kb_Y22F,_M23I,_E24S,_D30N_mutant
1RJZ	Q	8	H2-Kb_Y22F,_M23I,_E24S,_D30N_mutant
2HN7	A	274	HLA-A*11:01
2HN7	B	99	HLA-A*11:01
2HN7	C	10	HLA-A*11:01
2CII	A	275	H2-Db
2CII	B	99	H2-Db
2CII	C	4	H2-Db
1CE6	A	274	H2-Db
1CE6	B	99	H2-Db
1CE6	C	9	H2-Db
1ZHK	A	276	HLA-B*35:01
1ZHK	B	99	HLA-B*35:01
1ZHK	C	13	HLA-B*35:01
1ZHL	A	276	HLA-B*35:08
1ZHL	B	99	HLA-B*35:08
1ZHL	C	13	HLA-B*35:08
2MHA	A	270	H2-Kb
2MHA	B	99	H2-Kb
2MHA	C	270	H2-Kb
2MHA	D	99	H2-Kb
2MHA	E	8	H2-Kb
2MHA	F	8	H2-Kb
3BEV	A	274	BF2*2101
3BEV	B	99	BF2*2101
3BEV	C	11	BF2*2101
3BEW	A	271	BF2*2101
3BEW	B	99	BF2*2101
3BEW	C	10	BF2*2101
3BEW	D	271	BF2*2101
3BEW	E	99	BF2*2101
3BEW	F	10	BF2*2101
2VAA	A	274	H2-Kb
2VAA	B	99	H2-Kb
2VAA	P	8	H2-Kb
2VAB	A	274	H2-Kb
2VAB	B	99	H2-Kb
2VAB	P	9	H2-Kb
1NAN	H	278	H2-Kb
1NAN	L	278	H2-Kb
1NAN	P	99	H2-Kb
1NAN	I	99	H2-Kb
1NAN	M	8	H2-Kb
1NAN	Q	8	H2-Kb
3BW9	A	276	HLA-B*35:08
3BW9	B	100	HLA-B*35:08
3BW9	C	12	HLA-B*35:08
3BWA	A	276	HLA-B*35:08
3BWA	B	100	HLA-B*35:08
3BWA	C	8	HLA-B*35:08
1OSZ	A	274	H2-Kb
1OSZ	B	99	H2-Kb
1OSZ	C	8	H2-Kb
2VLL	A	276	HLA-A*02:01
2VLL	B	100	HLA-A*02:01
2VLL	C	9	HLA-A*02:01
2VLL	D	276	HLA-A*02:01
2VLL	E	100	HLA-A*02:01
2VLL	F	9	HLA-A*02:01
3BUY	A	275	H2-Db
3BUY	B	99	H2-Db
3BUY	C	9	H2-Db
1A9E	A	277	HLA-B*35:01
1A9E	B	100	HLA-B*35:01
1A9E	C	9	HLA-B*35:01
1A9B	A	277	HLA-B*35:01
1A9B	B	100	HLA-B*35:01
1A9B	C	9	HLA-B*35:01
1A9B	D	277	HLA-B*35:01
1A9B	E	100	HLA-B*35:01
1A9B	F	9	HLA-B*35:01
1ZHB	A	273	H2-Db
1ZHB	B	99	H2-Db
1ZHB	C	9	H2-Db
1ZHB	D	273	H2-Db
1ZHB	E	99	H2-Db
1ZHB	F	9	H2-Db
1ZHB	G	273	H2-Db
1ZHB	H	99	H2-Db
1ZHB	I	9	H2-Db
1ZHB	J	273	H2-Db
1ZHB	K	99	H2-Db
1ZHB	L	9	H2-Db
2ZOK	A	252	H2-Db
2ZOK	B	99	H2-Db
2ZOK	C	258	H2-Db
2ZOK	D	99	H2-Db
2ZOK	E	253	H2-Db
2ZOK	F	99	H2-Db
2ZOK	G	263	H2-Db
2ZOK	H	99	H2-Db
2ZOK	I	9	H2-Db
2ZOK	L	9	H2-Db
2ZOK	J	9	H2-Db
2ZOK	K	9	H2-Db
2ZOL	A	258	H2-Db
2ZOL	C	256	H2-Db
2ZOL	D	98	H2-Db
2ZOL	B	98	H2-Db
2ZOL	F	9	H2-Db
2ZOL	E	9	H2-Db
2NW3	A	276	HLA-B*35:08
2NW3	B	99	HLA-B*35:08
2NW3	C	11	HLA-B*35:08
2VE6	A	276	H2-Db
2VE6	B	99	H2-Db
2VE6	C	9	H2-Db
2VE6	D	276	H2-Db
2VE6	E	99	H2-Db
2VE6	F	9	H2-Db
2VE6	G	276	H2-Db
2VE6	H	99	H2-Db
2VE6	I	9	H2-Db
2VE6	J	276	H2-Db
2VE6	K	99	H2-Db
2VE6	L	9	H2-Db
1UXS	A	276	HLA-B*27:05
1UXS	B	100	HLA-B*27:05
1UXS	C	9	HLA-B*27:05
1UXW	A	276	HLA-B*27:09
1UXW	B	100	HLA-B*27:09
1UXW	C	9	HLA-B*27:09
2GIT	A	275	HLA-A*02:01
2GIT	B	100	HLA-A*02:01
2GIT	C	9	HLA-A*02:01
2GIT	D	275	HLA-A*02:01
2GIT	E	100	HLA-A*02:01
2GIT	F	9	HLA-A*02:01
2GIT	1	1	HLA-A*02:01
2GIT	2	1	HLA-A*02:01
2GIT	3	1	HLA-A*02:01
2GIT	4	1	HLA-A*02:01
2GIT	5	1	HLA-A*02:01
2GIT	6	1	HLA-A*02:01
2GIT	7	1	HLA-A*02:01
2GIT	8	1	HLA-A*02:01
2GIT	9	1	HLA-A*02:01
1QQD	A	273	HLA-C*04:01
1QQD	B	99	HLA-C*04:01
1QQD	C	9	HLA-C*04:01
1JGD	A	276	HLA-B*27:09
1JGD	B	100	HLA-B*27:09
1JGD	C	10	HLA-B*27:09
1SYV	A	276	HLA-B*44:05
1SYV	B	99	HLA-B*44:05
1SYV	C	9	HLA-B*44:05
1SYS	A	276	HLA-B*44:03
1SYS	B	99	HLA-B*44:03
1SYS	C	9	HLA-B*44:03
3DX6	A	276	HLA-B*44:02
3DX6	B	99	HLA-B*44:02
3DX6	C	10	HLA-B*44:02
3DX6	1	1	HLA-B*44:02
3DX6	2	1	HLA-B*44:02
3DX6	3	1	HLA-B*44:02
3DX6	4	1	HLA-B*44:02
3DX6	5	1	HLA-B*44:02
3DX6	6	1	HLA-B*44:02
3DX6	7	1	HLA-B*44:02
3DX6	8	1	HLA-B*44:02
3DX6	9	1	HLA-B*44:02
3DX8	A	276	HLA-B*44:05
3DX8	B	99	HLA-B*44:05
3DX8	C	10	HLA-B*44:05
3CPL	A	275	H2-Db
3CPL	B	99	H2-Db
3CPL	E	9	H2-Db
3CPL	C	275	H2-Db
3CPL	D	99	H2-Db
3CPL	F	9	H2-Db
2AV7	A	275	HLA-A*02:01_K66A_mutant
2AV7	B	100	HLA-A*02:01_K66A_mutant
2AV7	C	9	HLA-A*02:01_K66A_mutant
2AV7	D	275	HLA-A*02:01_K66A_mutant
2AV7	E	100	HLA-A*02:01_K66A_mutant
2AV7	F	9	HLA-A*02:01_K66A_mutant
2AV1	A	275	HLA-A*02:01_K66A,_E63Q_mutant
2AV1	B	100	HLA-A*02:01_K66A,_E63Q_mutant
2AV1	C	9	HLA-A*02:01_K66A,_E63Q_mutant
2AV1	D	275	HLA-A*02:01_K66A,_E63Q_mutant
2AV1	E	100	HLA-A*02:01_K66A,_E63Q_mutant
2AV1	F	9	HLA-A*02:01_K66A,_E63Q_mutant
1I4F	A	275	HLA-A*02:01
1I4F	B	100	HLA-A*02:01
1I4F	C	10	HLA-A*02:01
2CIK	A	276	HLA-B*35:01
2CIK	B	99	HLA-B*35:01
2CIK	C	9	HLA-B*35:01
2A83	A	276	HLA-B*27:05
2A83	B	100	HLA-B*27:05
2A83	C	9	HLA-B*27:05
1ED3	A	275	RT1-A
1ED3	B	99	RT1-A
1ED3	C	13	RT1-A
1ED3	D	275	RT1-A
1ED3	E	99	RT1-A
1ED3	F	13	RT1-A
1TVB	A	275	HLA-A*02:01
1TVB	B	100	HLA-A*02:01
1TVB	C	9	HLA-A*02:01
1TVB	D	275	HLA-A*02:01
1TVB	E	100	HLA-A*02:01
1TVB	F	9	HLA-A*02:01
1TVH	A	275	HLA-A*02:01
1TVH	B	100	HLA-A*02:01
1TVH	C	9	HLA-A*02:01
1TVH	D	275	HLA-A*02:01
1TVH	E	100	HLA-A*02:01
1TVH	F	9	HLA-A*02:01
1DUY	A	275	HLA-A*02:01
1DUY	B	100	HLA-A*02:01
1DUY	C	8	HLA-A*02:01
1DUY	D	275	HLA-A*02:01
1DUY	E	100	HLA-A*02:01
1DUY	F	8	HLA-A*02:01
1DUZ	A	275	HLA-A*02:01
1DUZ	B	100	HLA-A*02:01
1DUZ	C	9	HLA-A*02:01
1DUZ	D	275	HLA-A*02:01
1DUZ	E	100	HLA-A*02:01
1DUZ	F	9	HLA-A*02:01
1EEZ	A	275	HLA-A*02:01
1EEZ	B	100	HLA-A*02:01
1EEZ	C	9	HLA-A*02:01
1EEZ	D	275	HLA-A*02:01
1EEZ	E	100	HLA-A*02:01
1EEZ	F	9	HLA-A*02:01
1EEY	A	275	HLA-A*02:01
1EEY	B	100	HLA-A*02:01
1EEY	C	9	HLA-A*02:01
1EEY	D	275	HLA-A*02:01
1EEY	E	100	HLA-A*02:01
1EEY	F	9	HLA-A*02:01
1QR1	A	275	HLA-A*02:01
1QR1	B	100	HLA-A*02:01
1QR1	C	9	HLA-A*02:01
1QR1	D	275	HLA-A*02:01
1QR1	E	100	HLA-A*02:01
1QR1	F	9	HLA-A*02:01
1I7R	A	275	HLA-A*02:01
1I7R	B	100	HLA-A*02:01
1I7R	C	9	HLA-A*02:01
1I7R	D	275	HLA-A*02:01
1I7R	E	100	HLA-A*02:01
1I7R	F	9	HLA-A*02:01
1I7U	A	275	HLA-A*02:01
1I7U	B	100	HLA-A*02:01
1I7U	C	9	HLA-A*02:01
1I7U	D	275	HLA-A*02:01
1I7U	E	100	HLA-A*02:01
1I7U	F	9	HLA-A*02:01
1I7T	A	275	HLA-A*02:01
1I7T	B	100	HLA-A*02:01
1I7T	C	9	HLA-A*02:01
1I7T	D	275	HLA-A*02:01
1I7T	E	100	HLA-A*02:01
1I7T	F	9	HLA-A*02:01
1JGE	A	276	HLA-B*27:05
1JGE	B	100	HLA-B*27:05
1JGE	C	9	HLA-B*27:05
1K5N	A	276	HLA-B*27:09
1K5N	B	100	HLA-B*27:09
1K5N	C	9	HLA-B*27:09
1LD9	A	268	H2-Ld
1LD9	B	99	H2-Ld
1LD9	C	9	H2-Ld
1LD9	D	268	H2-Ld
1LD9	E	99	H2-Ld
1LD9	F	9	H2-Ld
1VAC	A	274	H2-Kb
1VAC	B	99	H2-Kb
1VAC	P	8	H2-Kb
1VAD	A	274	H2-Kb
1VAD	B	99	H2-Kb
1VAD	P	9	H2-Kb
1HSA	A	276	HLA-B*27:05
1HSA	B	99	HLA-B*27:05
1HSA	C	9	HLA-B*27:05
1HSA	D	276	HLA-B*27:05
1HSA	E	99	HLA-B*27:05
1HSA	F	9	HLA-B*27:05
1BZ9	A	273	H2-Db
1BZ9	B	100	H2-Db
1BZ9	C	9	H2-Db
1KJM	A	277	RT1-Aa
1KJM	B	99	RT1-Aa
1KJM	P	9	RT1-Aa
1KJV	A	276	RT1-Ac
1KJV	B	100	RT1-Ac
1KJV	P	9	RT1-Ac
2CLR	A	275	HLA-A*02:01
2CLR	B	100	HLA-A*02:01
2CLR	C	10	HLA-A*02:01
2CLR	D	275	HLA-A*02:01
2CLR	E	100	HLA-A*02:01
2CLR	F	10	HLA-A*02:01
2H6P	A	276	HLA-B*35:01
2H6P	B	99	HLA-B*35:01
2H6P	C	9	HLA-B*35:01
1Q94	A	275	HLA-A*11:01
1Q94	B	100	HLA-A*11:01
1Q94	C	9	HLA-A*11:01
1Q94	D	275	HLA-A*11:01
1Q94	E	100	HLA-A*11:01
1Q94	F	9	HLA-A*11:01
1QVO	A	275	HLA-A*11:01
1QVO	B	100	HLA-A*11:01
1QVO	C	10	HLA-A*11:01
1QVO	D	275	HLA-A*11:01
1QVO	E	100	HLA-A*11:01
1QVO	F	10	HLA-A*11:01
1LDP	H	272	H2-Ld
1LDP	L	99	H2-Ld
1LDP	P	9	H2-Ld
1LDP	Q	9	H2-Ld
1LDP	1	1	H2-Ld
1LDP	2	2	H2-Ld
2GUO	A	275	HLA-A*02:01
2GUO	B	100	HLA-A*02:01
2GUO	C	9	HLA-A*02:01
2GUO	D	275	HLA-A*02:01
2GUO	E	100	HLA-A*02:01
2GUO	F	9	HLA-A*02:01
2GTZ	A	275	HLA-A*02:01
2GTZ	B	100	HLA-A*02:01
2GTZ	C	9	HLA-A*02:01
2GTZ	D	275	HLA-A*02:01
2GTZ	E	100	HLA-A*02:01
2GTZ	F	9	HLA-A*02:01
2GT9	A	275	HLA-A*02:01
2GT9	B	100	HLA-A*02:01
2GT9	C	10	HLA-A*02:01
2GT9	D	275	HLA-A*02:01
2GT9	E	100	HLA-A*02:01
2GT9	F	10	HLA-A*02:01
1TMC	A	175	HLA-A*68:01
1TMC	B	99	HLA-A*68:01
1TMC	C	10	HLA-A*68:01
1JUF	A	276	H2-Db
1JUF	B	99	H2-Db
1JUF	C	9	H2-Db
2CLV	A	279	H2-Kb_Y22F,_M23I,_E24S,_D30N_mutant
2CLV	B	99	H2-Kb_Y22F,_M23I,_E24S,_D30N_mutant
2CLV	C	8	H2-Kb_Y22F,_M23I,_E24S,_D30N_mutant
2CLV	H	279	H2-Kb_Y22F,_M23I,_E24S,_D30N_mutant
2CLV	M	8	H2-Kb_Y22F,_M23I,_E24S,_D30N_mutant
2CLV	P	99	H2-Kb_Y22F,_M23I,_E24S,_D30N_mutant
2CLZ	A	279	H2-Kb_Y22F,_M23I,_E24S,_D30N_mutant
2CLZ	B	99	H2-Kb_Y22F,_M23I,_E24S,_D30N_mutant
2CLZ	C	8	H2-Kb_Y22F,_M23I,_E24S,_D30N_mutant
2CLZ	H	279	H2-Kb_Y22F,_M23I,_E24S,_D30N_mutant
2CLZ	M	8	H2-Kb_Y22F,_M23I,_E24S,_D30N_mutant
2CLZ	P	99	H2-Kb_Y22F,_M23I,_E24S,_D30N_mutant
1JHT	A	273	HLA-A*02:01
1JHT	B	100	HLA-A*02:01
1JHT	C	9	HLA-A*02:01
1JF1	A	273	HLA-A*02:01
1JF1	B	100	HLA-A*02:01
1JF1	C	10	HLA-A*02:01
1W0V	A	276	HLA-B*27:05
1W0V	B	100	HLA-B*27:05
1W0V	C	9	HLA-B*27:05
1W0W	A	276	HLA-B*27:09
1W0W	B	100	HLA-B*27:09
1W0W	C	9	HLA-B*27:09
1M6O	A	276	HLA-B*44:02
1M6O	B	99	HLA-B*44:02
1M6O	C	9	HLA-B*44:02
2RFX	A	275	HLA-B*57:01
2RFX	B	99	HLA-B*57:01
2RFX	C	9	HLA-B*57:01
2BCK	A	286	HLA-A*24:02
2BCK	B	100	HLA-A*24:02
2BCK	C	9	HLA-A*24:02
2BCK	D	286	HLA-A*24:02
2BCK	E	100	HLA-A*24:02
2BCK	F	9	HLA-A*24:02
2ZSW	A	277	H2-Kb
2ZSW	E	277	H2-Kb
2ZSW	C	277	H2-Kb
2ZSW	G	277	H2-Kb
2ZSW	H	98	H2-Kb
2ZSW	F	98	H2-Kb
2ZSW	B	98	H2-Kb
2ZSW	D	98	H2-Kb
2ZSW	M	8	H2-Kb
2ZSW	N	8	H2-Kb
2ZSW	O	8	H2-Kb
2ZSW	P	8	H2-Kb
1KJ3	H	279	H2-Kb
1KJ3	P	8	H2-Kb
1KJ3	L	99	H2-Kb
1KJ3	I	278	H2-Kb
1KJ3	Q	8	H2-Kb
1KJ3	M	99	H2-Kb
3B6S	A	276	HLA-B*27:05
3B6S	B	100	HLA-B*27:05
3B6S	C	9	HLA-B*27:05
3B3I	A	276	HLA-B*27:09
3B3I	B	100	HLA-B*27:09
3B3I	C	9	HLA-B*27:09
3GSO	A	274	HLA-A*02:01
3GSO	B	100	HLA-A*02:01
3GSO	P	9	HLA-A*02:01
3H7B	A	275	HLA-A*02:01
3H7B	B	100	HLA-A*02:01
3H7B	C	9	HLA-A*02:01
3H7B	D	275	HLA-A*02:01
3H7B	E	100	HLA-A*02:01
3H7B	F	9	HLA-A*02:01
3GSQ	A	274	HLA-A*02:01
3GSQ	B	100	HLA-A*02:01
3GSQ	P	9	HLA-A*02:01
3GSR	A	274	HLA-A*02:01
3GSR	B	100	HLA-A*02:01
3GSR	P	9	HLA-A*02:01
3GSU	A	275	HLA-A*02:01
3GSU	B	100	HLA-A*02:01
3GSU	P	9	HLA-A*02:01
3GSV	A	275	HLA-A*02:01
3GSV	B	100	HLA-A*02:01
3GSV	P	9	HLA-A*02:01
3GSW	A	274	HLA-A*02:01
3GSW	B	100	HLA-A*02:01
3GSW	P	9	HLA-A*02:01
3GSX	A	274	HLA-A*02:01
3GSX	B	100	HLA-A*02:01
3GSX	P	9	HLA-A*02:01
3L3H	A	275	H2-Db
3L3H	B	99	H2-Db
3L3H	C	10	H2-Db
3MGO	A	275	HLA-A*02:01
3MGO	B	100	HLA-A*02:01
3MGO	C	10	HLA-A*02:01
3MGO	D	275	HLA-A*02:01
3MGO	E	100	HLA-A*02:01
3MGO	F	10	HLA-A*02:01
3MGO	G	275	HLA-A*02:01
3MGO	H	100	HLA-A*02:01
3MGO	I	10	HLA-A*02:01
3MGO	J	275	HLA-A*02:01
3MGO	K	100	HLA-A*02:01
3MGO	L	10	HLA-A*02:01
3MGT	A	275	HLA-A*02:01
3MGT	B	100	HLA-A*02:01
3MGT	C	10	HLA-A*02:01
3MGT	D	275	HLA-A*02:01
3MGT	E	100	HLA-A*02:01
3MGT	F	10	HLA-A*02:01
3MGT	G	275	HLA-A*02:01
3MGT	H	100	HLA-A*02:01
3MGT	I	10	HLA-A*02:01
3MGT	J	275	HLA-A*02:01
3MGT	K	100	HLA-A*02:01
3MGT	L	10	HLA-A*02:01
3FOL	A	274	H2-Kwm7
3FOL	B	100	H2-Kwm7
3FOL	P	8	H2-Kwm7
3FOM	A	274	H2-Kwm7
3FOM	B	100	H2-Kwm7
3FOM	P	8	H2-Kwm7
3FON	A	274	H2-Kwm7
3FON	B	100	H2-Kwm7
3FON	P	8	H2-Kwm7
3FON	C	274	H2-Kwm7
3FON	D	100	H2-Kwm7
3FON	E	8	H2-Kwm7
1B0G	A	275	HLA-A*02:01
1B0G	B	100	HLA-A*02:01
1B0G	C	9	HLA-A*02:01
1B0G	D	275	HLA-A*02:01
1B0G	E	100	HLA-A*02:01
1B0G	F	9	HLA-A*02:01
3D25	A	274	HLA-A*02:01
3D25	B	98	HLA-A*02:01
3D25	C	9	HLA-A*02:01
3KPL	A	276	HLA-B*44:02
3KPL	B	99	HLA-B*44:02
3KPL	C	9	HLA-B*44:02
3KPN	A	276	HLA-B*44:03
3KPN	B	99	HLA-B*44:03
3KPN	C	9	HLA-B*44:03
3KPP	A	276	HLA-B*44:05
3KPP	B	99	HLA-B*44:05
3KPP	C	9	HLA-B*44:05
3KPM	A	276	HLA-B*44:02
3KPM	B	99	HLA-B*44:02
3KPM	C	9	HLA-B*44:02
3KPQ	A	276	HLA-B*44:05
3KPQ	B	99	HLA-B*44:05
3KPQ	C	9	HLA-B*44:05
3KPO	A	276	HLA-B*44:03
3KPO	B	100	HLA-B*44:03
3KPO	C	9	HLA-B*44:03
3BXN	A	276	HLA-B*14:02
3BXN	B	99	HLA-B*14:02
3BXN	C	9	HLA-B*14:02
3BP4	A	276	HLA-B*27:05
3BP4	B	100	HLA-B*27:05
3BP4	C	9	HLA-B*27:05
3BP7	A	276	HLA-B*27:09
3BP7	B	100	HLA-B*27:09
3BP7	C	9	HLA-B*27:09
2P5E	A	276	HLA-A*02:01
2P5E	B	100	HLA-A*02:01
2P5E	C	9	HLA-A*02:01
2P5E	D	194	HLA-A*02:01
2P5E	E	241	HLA-A*02:01
2P5E	1	1	HLA-A*02:01
2P5W	A	276	HLA-A*02:01
2P5W	B	100	HLA-A*02:01
2P5W	C	9	HLA-A*02:01
2P5W	D	192	HLA-A*02:01
2P5W	E	242	HLA-A*02:01
2P5W	1	1	HLA-A*02:01
3DXA	A	276	HLA-B*44:05
3DXA	B	99	HLA-B*44:05
3DXA	C	10	HLA-B*44:05
3DXA	D	199	HLA-B*44:05
3DXA	E	244	HLA-B*44:05
3DXA	F	276	HLA-B*44:05
3DXA	G	99	HLA-B*44:05
3DXA	H	10	HLA-B*44:05
3DXA	I	199	HLA-B*44:05
3DXA	J	244	HLA-B*44:05
3DXA	K	276	HLA-B*44:05
3DXA	L	99	HLA-B*44:05
3DXA	M	10	HLA-B*44:05
3DXA	N	199	HLA-B*44:05
3DXA	O	244	HLA-B*44:05
1NAM	A	116	H2-Kb
1NAM	B	113	H2-Kb
1NAM	H	275	H2-Kb
1NAM	P	8	H2-Kb
1NAM	L	100	H2-Kb
1NAM	1	2	H2-Kb
2F74	A	275	H2-Db
2F74	B	100	H2-Db
2F74	C	9	H2-Db
2F74	D	276	H2-Db
2F74	E	99	H2-Db
2F74	F	9	H2-Db
3FT2	A	275	HLA-A*02:01
3FT2	B	100	HLA-A*02:01
3FT2	P	9	HLA-A*02:01
3FT3	A	275	HLA-A*02:01
3FT3	B	100	HLA-A*02:01
3FT3	P	9	HLA-A*02:01
3FT4	A	275	HLA-A*02:01
3FT4	B	100	HLA-A*02:01
3FT4	P	9	HLA-A*02:01
3ECB	A	273	H2-Dd
3ECB	B	99	H2-Dd
3ECB	P	10	H2-Dd
2XFX	A	277	BoLA-6*01301
2XFX	B	99	BoLA-6*01301
2XFX	C	11	BoLA-6*01301
3I6L	D	274	HLA-A*24:02
3I6L	E	100	HLA-A*24:02
3I6L	F	9	HLA-A*24:02
3LKN	A	276	HLA-B*35:01
3LKN	B	100	HLA-B*35:01
3LKN	C	9	HLA-B*35:01
3LKO	A	276	HLA-B*35:01
3LKO	B	100	HLA-B*35:01
3LKO	C	9	HLA-B*35:01
3LKP	A	276	HLA-B*35:01
3LKP	B	100	HLA-B*35:01
3LKP	C	9	HLA-B*35:01
3LKQ	A	276	HLA-B*35:01
3LKQ	B	100	HLA-B*35:01
3LKQ	C	9	HLA-B*35:01
3LKS	A	276	HLA-B*35:01
3LKS	B	100	HLA-B*35:01
3LKS	C	9	HLA-B*35:01
3LKR	A	276	HLA-B*35:01
3LKR	B	100	HLA-B*35:01
3LKR	C	9	HLA-B*35:01
3FTG	A	247	H2-Db
3FTG	B	100	H2-Db
3FTG	C	9	H2-Db
2XPG	A	274	HLA-A*03:01
2XPG	B	98	HLA-A*03:01
2XPG	C	9	HLA-A*03:01
3PWV	A	274	BoLA-2*01801
3PWV	B	98	BoLA-2*01801
3PWV	C	9	BoLA-2*01801
3PWV	D	274	BoLA-2*01801
3PWV	E	98	BoLA-2*01801
3PWV	F	9	BoLA-2*01801
3LN5	A	274	HLA-B*41:04
3LN5	B	99	HLA-B*41:04
3LN5	C	11	HLA-B*41:04
3OX8	A	275	HLA-A*02:03
3OX8	B	100	HLA-A*02:03
3OX8	C	10	HLA-A*02:03
3OX8	D	275	HLA-A*02:03
3OX8	E	100	HLA-A*02:03
3OX8	F	10	HLA-A*02:03
3OXR	A	275	HLA-A*02:06
3OXR	B	100	HLA-A*02:06
3OXR	C	10	HLA-A*02:06
3OXS	A	275	HLA-A*02:07
3OXS	B	100	HLA-A*02:07
3OXS	C	10	HLA-A*02:07
2X4N	A	275	HLA-A*02:01
2X4N	B	100	HLA-A*02:01
2X4N	C	6	HLA-A*02:01
2X4N	D	275	HLA-A*02:01
2X4N	E	100	HLA-A*02:01
2X4N	F	6	HLA-A*02:01
2X70	A	275	HLA-A*02:01
2X70	B	100	HLA-A*02:01
2X70	C	9	HLA-A*02:01
2X70	D	275	HLA-A*02:01
2X70	E	100	HLA-A*02:01
2X70	F	9	HLA-A*02:01
2X4O	A	275	HLA-A*02:01
2X4O	B	100	HLA-A*02:01
2X4O	C	9	HLA-A*02:01
2X4O	D	275	HLA-A*02:01
2X4O	E	100	HLA-A*02:01
2X4O	F	9	HLA-A*02:01
2X4U	A	275	HLA-A*02:01
2X4U	B	100	HLA-A*02:01
2X4U	C	9	HLA-A*02:01
2X4U	D	275	HLA-A*02:01
2X4U	E	100	HLA-A*02:01
2X4U	F	9	HLA-A*02:01
2X4R	A	275	HLA-A*02:01
2X4R	B	100	HLA-A*02:01
2X4R	C	9	HLA-A*02:01
2X4R	D	275	HLA-A*02:01
2X4R	E	100	HLA-A*02:01
2X4R	F	9	HLA-A*02:01
2X4S	A	275	HLA-A*02:01
2X4S	B	100	HLA-A*02:01
2X4S	C	9	HLA-A*02:01
2X4S	D	275	HLA-A*02:01
2X4S	E	100	HLA-A*02:01
2X4S	F	9	HLA-A*02:01
2X4P	A	275	HLA-A*02:01
2X4P	B	100	HLA-A*02:01
2X4P	C	9	HLA-A*02:01
2X4P	D	275	HLA-A*02:01
2X4P	E	100	HLA-A*02:01
2X4P	F	9	HLA-A*02:01
3I6G	A	275	HLA-A*02:01
3I6G	B	100	HLA-A*02:01
3I6G	C	9	HLA-A*02:01
3I6G	D	275	HLA-A*02:01
3I6G	E	100	HLA-A*02:01
3I6G	F	9	HLA-A*02:01
3I6K	A	273	HLA-A*02:01
3I6K	B	100	HLA-A*02:01
3I6K	C	10	HLA-A*02:01
3I6K	E	273	HLA-A*02:01
3I6K	F	100	HLA-A*02:01
3I6K	G	10	HLA-A*02:01
3PWL	A	275	HLA-A*02:01
3PWL	B	100	HLA-A*02:01
3PWL	C	9	HLA-A*02:01
3PWL	D	275	HLA-A*02:01
3PWL	E	100	HLA-A*02:01
3PWL	F	9	HLA-A*02:01
3PWN	A	275	HLA-A*02:01
3PWN	B	100	HLA-A*02:01
3PWN	C	9	HLA-A*02:01
3PWN	D	275	HLA-A*02:01
3PWN	E	100	HLA-A*02:01
3PWN	F	9	HLA-A*02:01
3PWJ	A	275	HLA-A*02:01
3PWJ	B	100	HLA-A*02:01
3PWJ	C	9	HLA-A*02:01
3PWJ	D	275	HLA-A*02:01
3PWJ	E	100	HLA-A*02:01
3PWJ	F	9	HLA-A*02:01
3IXA	A	275	HLA-A*02:01_A150P_mutant
3IXA	B	100	HLA-A*02:01_A150P_mutant
3IXA	C	9	HLA-A*02:01_A150P_mutant
3IXA	D	275	HLA-A*02:01_A150P_mutant
3IXA	E	100	HLA-A*02:01_A150P_mutant
3IXA	F	9	HLA-A*02:01_A150P_mutant
3H9H	A	275	HLA-A*02:01_A150P_mutant
3H9H	B	100	HLA-A*02:01_A150P_mutant
3H9H	C	9	HLA-A*02:01_A150P_mutant
3H9H	D	275	HLA-A*02:01_A150P_mutant
3H9H	E	100	HLA-A*02:01_A150P_mutant
3H9H	F	9	HLA-A*02:01_A150P_mutant
3LV3	A	276	HLA-B*27:05
3LV3	B	100	HLA-B*27:05
3LV3	C	9	HLA-B*27:05
3HPJ	A	275	HLA-A*02:01
3HPJ	B	100	HLA-A*02:01
3HPJ	C	9	HLA-A*02:01
3HPJ	D	275	HLA-A*02:01
3HPJ	E	100	HLA-A*02:01
3HPJ	F	9	HLA-A*02:01
3FQW	A	275	HLA-A*02:01
3FQW	B	98	HLA-A*02:01
3FQW	C	9	HLA-A*02:01
3FQX	A	275	HLA-A*02:01
3FQX	B	98	HLA-A*02:01
3FQX	C	9	HLA-A*02:01
3FQN	A	275	HLA-A*02:01
3FQN	B	98	HLA-A*02:01
3FQN	C	8	HLA-A*02:01
3FQR	A	275	HLA-A*02:01
3FQR	B	98	HLA-A*02:01
3FQR	C	10	HLA-A*02:01
3FQT	A	275	HLA-A*02:01
3FQT	B	98	HLA-A*02:01
3FQT	C	9	HLA-A*02:01
3FQU	A	275	HLA-A*02:01
3FQU	B	98	HLA-A*02:01
3FQU	C	9	HLA-A*02:01
3BGM	A	274	HLA-A*02:01
3BGM	B	100	HLA-A*02:01
3BGM	C	9	HLA-A*02:01
3BH8	A	274	HLA-A*02:01
3BH8	B	100	HLA-A*02:01
3BH8	C	10	HLA-A*02:01
3BH9	A	275	HLA-A*02:01
3BH9	B	100	HLA-A*02:01
3BH9	C	10	HLA-A*02:01
3BHB	A	274	HLA-A*02:01
3BHB	B	98	HLA-A*02:01
3BHB	C	10	HLA-A*02:01
3CH1	A	274	H2-Db
3CH1	B	99	H2-Db
3CH1	D	273	H2-Db
3CH1	E	99	H2-Db
3CH1	G	271	H2-Db
3CH1	H	99	H2-Db
3CH1	J	272	H2-Db
3CH1	K	99	H2-Db
3CH1	C	9	H2-Db
3CH1	F	9	H2-Db
3CH1	I	9	H2-Db
3CH1	L	9	H2-Db
3CCH	A	276	H2-Db
3CCH	B	99	H2-Db
3CCH	C	9	H2-Db
3CCH	D	276	H2-Db
3CCH	E	99	H2-Db
3CCH	F	9	H2-Db
3CCH	G	272	H2-Db
3CCH	H	99	H2-Db
3CCH	I	9	H2-Db
3CCH	J	272	H2-Db
3CCH	K	99	H2-Db
3CCH	L	9	H2-Db
3CC5	A	276	H2-Db
3CC5	B	99	H2-Db
3CC5	C	9	H2-Db
3CC5	D	276	H2-Db
3CC5	E	99	H2-Db
3CC5	F	9	H2-Db
3KLA	A	275	HLA-A*02:01
3KLA	B	100	HLA-A*02:01
3KLA	C	9	HLA-A*02:01
3KLA	D	275	HLA-A*02:01
3KLA	E	100	HLA-A*02:01
3KLA	F	9	HLA-A*02:01
3BO8	A	274	HLA-A*01:01
3BO8	B	100	HLA-A*01:01
3BO8	C	9	HLA-A*01:01
3QQ4	A	275	SLA-1*04:01
3QQ4	B	99	SLA-1*04:01
3QQ4	C	9	SLA-1*04:01
3QQ3	A	275	SLA-1*04:01
3QQ3	B	99	SLA-1*04:01
3QQ3	C	9	SLA-1*04:01
3QQ3	D	275	SLA-1*04:01
3QQ3	E	99	SLA-1*04:01
3QQ3	F	9	SLA-1*04:01
3P9L	A	278	H2-Kb
3P9L	B	99	H2-Kb
3P9L	C	8	H2-Kb
3P9L	D	278	H2-Kb
3P9L	E	99	H2-Kb
3P9L	F	8	H2-Kb
3PAB	A	279	H2-Kb
3PAB	B	99	H2-Kb
3PAB	C	8	H2-Kb
3PAB	D	278	H2-Kb
3PAB	E	99	H2-Kb
3PAB	F	8	H2-Kb
3P9M	A	277	H2-Kb
3P9M	B	99	H2-Kb
3P9M	C	8	H2-Kb
3P9M	D	277	H2-Kb
3P9M	E	99	H2-Kb
3P9M	F	8	H2-Kb
3O3A	A	275	HLA-A*02:01
3O3A	B	100	HLA-A*02:01
3O3A	C	8	HLA-A*02:01
3O3A	D	275	HLA-A*02:01
3O3A	E	100	HLA-A*02:01
3O3A	F	8	HLA-A*02:01
3O3B	A	275	HLA-A*02:01
3O3B	B	100	HLA-A*02:01
3O3B	C	8	HLA-A*02:01
3O3B	D	275	HLA-A*02:01
3O3B	E	100	HLA-A*02:01
3O3B	F	8	HLA-A*02:01
3O3D	A	275	HLA-A*02:01
3O3D	B	100	HLA-A*02:01
3O3D	C	8	HLA-A*02:01
3O3D	D	275	HLA-A*02:01
3O3D	E	100	HLA-A*02:01
3O3D	F	8	HLA-A*02:01
3O3E	A	275	HLA-A*02:01
3O3E	B	100	HLA-A*02:01
3O3E	C	8	HLA-A*02:01
3O3E	D	275	HLA-A*02:01
3O3E	E	100	HLA-A*02:01
3O3E	F	8	HLA-A*02:01
3VCL	A	275	HLA-B*07:02
3VCL	B	99	HLA-B*07:02
3VCL	C	11	HLA-B*07:02
3UTQ	A	276	HLA-A*02:01
3UTQ	B	100	HLA-A*02:01
3UTQ	C	10	HLA-A*02:01
3ROL	A	271	H2-Kb
3ROL	B	99	H2-Kb
3ROL	C	272	H2-Kb
3ROL	D	99	H2-Kb
3ROL	E	8	H2-Kb
3ROL	F	8	H2-Kb
3PWU	A	274	BoLA-2*01801
3PWU	B	99	BoLA-2*01801
3PWU	C	9	BoLA-2*01801
3SKO	A	273	HLA-B*08:01_B:I66A_mutant
3SKO	B	100	HLA-B*08:01_B:I66A_mutant
3SKO	C	9	HLA-B*08:01_B:I66A_mutant
3SKM	A	270	HLA-B*08:01
3SKM	B	99	HLA-B*08:01
3SKM	C	9	HLA-B*08:01
2X4Q	A	275	HLA-A*02:01
2X4Q	B	100	HLA-A*02:01
2X4Q	C	9	HLA-A*02:01
2X4Q	D	275	HLA-A*02:01
2X4Q	E	100	HLA-A*02:01
2X4Q	F	9	HLA-A*02:01
2X4T	A	275	HLA-A*02:01
2X4T	B	100	HLA-A*02:01
2X4T	C	9	HLA-A*02:01
2X4T	D	275	HLA-A*02:01
2X4T	E	100	HLA-A*02:01
2X4T	F	9	HLA-A*02:01
4GKS	A	276	HLA-A*02:01
4GKS	B	100	HLA-A*02:01
4GKS	C	10	HLA-A*02:01
4GKS	D	276	HLA-A*02:01
4GKS	E	100	HLA-A*02:01
4GKS	F	10	HLA-A*02:01
4GKN	A	276	HLA-A*02:01
4GKN	B	100	HLA-A*02:01
4GKN	C	10	HLA-A*02:01
4GKN	D	276	HLA-A*02:01
4GKN	E	100	HLA-A*02:01
4GKN	F	10	HLA-A*02:01
4F7M	A	274	HLA-A*24:02
4F7M	B	99	HLA-A*24:02
4F7M	C	10	HLA-A*24:02
4F7M	D	274	HLA-A*24:02
4F7M	E	99	HLA-A*24:02
4F7M	F	10	HLA-A*24:02
4F7P	A	274	HLA-A*24:02
4F7P	B	99	HLA-A*24:02
4F7P	C	7	HLA-A*24:02
4F7T	A	274	HLA-A*24:02
4F7T	B	99	HLA-A*24:02
4F7T	C	8	HLA-A*24:02
4F7T	D	274	HLA-A*24:02
4F7T	E	99	HLA-A*24:02
4F7T	F	8	HLA-A*24:02
4G43	A	272	BF2*0401
4G43	B	97	BF2*0401
4G43	C	8	BF2*0401
4G43	D	270	BF2*0401
4G43	E	97	BF2*0401
4G43	F	8	BF2*0401
4G42	A	271	BF2*0401
4G42	B	97	BF2*0401
4G42	C	8	BF2*0401
4G42	D	272	BF2*0401
4G42	E	97	BF2*0401
4G42	F	8	BF2*0401
4E0R	A	272	BF2*0401
4E0R	B	97	BF2*0401
4E0R	C	8	BF2*0401
4E0R	D	272	BF2*0401
4E0R	E	97	BF2*0401
4E0R	F	8	BF2*0401
3QUK	A	262	H2-Db
3QUK	B	99	H2-Db
3QUK	C	9	H2-Db
3QUK	D	261	H2-Db
3QUK	E	99	H2-Db
3QUK	F	9	H2-Db
3QUL	A	264	H2-Db
3QUL	B	99	H2-Db
3QUL	C	9	H2-Db
3QUL	D	262	H2-Db
3QUL	E	99	H2-Db
3QUL	F	9	H2-Db
3QUL	G	270	H2-Db
3QUL	H	99	H2-Db
3QUL	I	9	H2-Db
3QUL	J	267	H2-Db
3QUL	K	99	H2-Db
3QUL	L	9	H2-Db
1A1N	A	276	HLA-B*35:01
1A1N	B	99	HLA-B*35:01
1A1N	C	8	HLA-B*35:01
2YPK	A	274	HLA-B*57:01
2YPK	B	99	HLA-B*57:01
2YPK	C	11	HLA-B*57:01
4I4W	A	276	HLA-A*02:01
4I4W	B	100	HLA-A*02:01
4I4W	C	9	HLA-A*02:01
2V2X	A	276	HLA-A*02:01
2V2X	B	100	HLA-A*02:01
2V2X	C	9	HLA-A*02:01
2V2X	D	276	HLA-A*02:01
2V2X	E	100	HLA-A*02:01
2V2X	F	9	HLA-A*02:01
2V2W	A	276	HLA-A*02:01
2V2W	B	100	HLA-A*02:01
2V2W	C	9	HLA-A*02:01
2V2W	D	276	HLA-A*02:01
2V2W	E	100	HLA-A*02:01
2V2W	F	9	HLA-A*02:01
3W39	A	277	HLA-B*52:01
3W39	B	99	HLA-B*52:01
3W39	C	8	HLA-B*52:01
3W39	D	277	HLA-B*52:01
3W39	E	99	HLA-B*52:01
3W39	F	8	HLA-B*52:01
1E27	A	276	HLA-B*51:01
1E27	B	99	HLA-B*51:01
1E27	C	9	HLA-B*51:01
1E28	A	276	HLA-B*51:01
1E28	B	99	HLA-B*51:01
1E28	C	8	HLA-B*51:01
4HUW	A	277	H2-Db
4HUW	B	100	H2-Db
4HUW	C	277	H2-Db
4HUW	D	100	H2-Db
4HUW	E	277	H2-Db
4HUW	F	100	H2-Db
4HUW	G	277	H2-Db
4HUW	H	100	H2-Db
4HUW	I	9	H2-Db
4HUW	J	9	H2-Db
4HUW	K	9	H2-Db
4HUW	L	9	H2-Db
4HUV	A	275	H2-Db
4HUV	B	98	H2-Db
4HUV	C	9	H2-Db
4HUV	D	275	H2-Db
4HUV	E	99	H2-Db
4HUV	F	9	H2-Db
4HV8	A	276	H2-Db_H155A_mutant
4HV8	B	100	H2-Db_H155A_mutant
4HV8	C	278	H2-Db_H155A_mutant
4HV8	D	99	H2-Db_H155A_mutant
4HV8	E	9	H2-Db_H155A_mutant
4HV8	F	9	H2-Db_H155A_mutant
4G9D	A	276	HLA-B*27:05
4G9D	B	99	HLA-B*27:05
4G9D	C	10	HLA-B*27:05
4G8I	A	276	HLA-B*27:05
4G8I	B	99	HLA-B*27:05
4G8I	C	10	HLA-B*27:05
1BII	A	274	H2-Dd
1BII	B	99	H2-Dd
1BII	P	10	H2-Dd
1DDH	A	274	H2-Dd
1DDH	B	99	H2-Dd
1DDH	P	10	H2-Dd
1I1Y	A	275	HLA-A*02:01
1I1Y	B	100	HLA-A*02:01
1I1Y	C	9	HLA-A*02:01
1I1Y	D	275	HLA-A*02:01
1I1Y	E	100	HLA-A*02:01
1I1Y	F	9	HLA-A*02:01
1I1F	A	275	HLA-A*02:01
1I1F	B	100	HLA-A*02:01
1I1F	C	9	HLA-A*02:01
1I1F	D	275	HLA-A*02:01
1I1F	E	100	HLA-A*02:01
1I1F	F	9	HLA-A*02:01
1AGD	A	276	HLA-B*08:01
1AGD	B	99	HLA-B*08:01
1AGD	C	8	HLA-B*08:01
1AGE	A	276	HLA-B*08:01
1AGE	B	99	HLA-B*08:01
1AGE	C	8	HLA-B*08:01
1AGC	A	276	HLA-B*08:01
1AGC	B	99	HLA-B*08:01
1AGC	C	8	HLA-B*08:01
1AGF	A	276	HLA-B*08:01
1AGF	B	99	HLA-B*08:01
1AGF	C	8	HLA-B*08:01
1AGB	A	276	HLA-B*08:01
1AGB	B	99	HLA-B*08:01
1AGB	C	8	HLA-B*08:01
4I48	A	274	HLA-A*68:02
4I48	B	99	HLA-A*68:02
4I48	C	9	HLA-A*68:02
4HX1	A	274	HLA-A*68:02
4HX1	B	99	HLA-A*68:02
4HX1	C	9	HLA-A*68:02
4HWZ	A	274	HLA-A*68:01
4HWZ	B	99	HLA-A*68:01
4HWZ	C	9	HLA-A*68:01
4JRY	A	276	HLA-B*35:08
4JRY	B	100	HLA-B*35:08
4JRY	C	13	HLA-B*35:08
4JRY	D	201	HLA-B*35:08
4JRY	E	242	HLA-B*35:08
4JRY	1	2	HLA-B*35:08
4K7F	A	274	HLA-A*02:01
4K7F	B	100	HLA-A*02:01
4K7F	C	9	HLA-A*02:01
4K7F	D	275	HLA-A*02:01
4K7F	E	100	HLA-A*02:01
4K7F	F	9	HLA-A*02:01
4JFO	A	275	HLA-A*02:01
4JFO	B	100	HLA-A*02:01
4JFO	C	10	HLA-A*02:01
4JFO	D	275	HLA-A*02:01
4JFO	E	100	HLA-A*02:01
4JFO	F	10	HLA-A*02:01
4JFQ	A	275	HLA-A*02:01
4JFQ	B	100	HLA-A*02:01
4JFQ	C	10	HLA-A*02:01
4JFQ	D	276	HLA-A*02:01
4JFQ	E	100	HLA-A*02:01
4JFQ	F	10	HLA-A*02:01
2HJK	A	274	HLA-B*57:03
2HJK	B	99	HLA-B*57:03
2HJK	C	11	HLA-B*57:03
2HJL	A	274	HLA-B*57:03
2HJL	B	99	HLA-B*57:03
2HJL	C	11	HLA-B*57:03
1T21	A	275	HLA-A*02:01
1T21	B	99	HLA-A*02:01
1T21	C	9	HLA-A*02:01
1T22	A	275	HLA-A*02:01
1T22	B	99	HLA-A*02:01
1T22	C	9	HLA-A*02:01
1T20	A	275	HLA-A*02:01
1T20	B	99	HLA-A*02:01
1T20	C	9	HLA-A*02:01
1T1W	A	275	HLA-A*02:01
1T1W	B	99	HLA-A*02:01
1T1W	C	9	HLA-A*02:01
1T1X	A	275	HLA-A*02:01
1T1X	B	99	HLA-A*02:01
1T1X	C	9	HLA-A*02:01
1S8D	A	275	HLA-A*02:01
1S8D	B	99	HLA-A*02:01
1S8D	C	9	HLA-A*02:01
1T1Y	A	275	HLA-A*02:01
1T1Y	B	99	HLA-A*02:01
1T1Y	C	9	HLA-A*02:01
1T1Z	A	275	HLA-A*02:01
1T1Z	B	99	HLA-A*02:01
1T1Z	C	9	HLA-A*02:01
1ZVS	A	278	Mamu-A1*001:01
1ZVS	B	99	Mamu-A1*001:01
1ZVS	C	8	Mamu-A1*001:01
1ZVS	D	278	Mamu-A1*001:01
1ZVS	E	99	Mamu-A1*001:01
1ZVS	F	8	Mamu-A1*001:01
2C7U	A	275	HLA-A*02:01
2C7U	B	100	HLA-A*02:01
2C7U	C	9	HLA-A*02:01
2C7U	D	275	HLA-A*02:01
2C7U	E	100	HLA-A*02:01
2C7U	F	9	HLA-A*02:01
3E6F	A	273	H2-Dd
3E6F	B	99	H2-Dd
3E6F	P	9	H2-Dd
3E6H	A	274	H2-Dd
3E6H	B	99	H2-Dd
3E6H	P	10	H2-Dd
2BVP	A	274	HLA-B*57:03
2BVP	B	99	HLA-B*57:03
2BVP	C	9	HLA-B*57:03
2BVO	A	275	HLA-B*57:03
2BVO	B	99	HLA-B*57:03
2BVO	C	11	HLA-B*57:03
2BVQ	A	275	HLA-B*57:03
2BVQ	B	99	HLA-B*57:03
2BVQ	C	9	HLA-B*57:03
3GIV	A	275	HLA-A*02:01
3GIV	B	100	HLA-A*02:01
3GIV	C	10	HLA-A*02:01
3GIV	D	275	HLA-A*02:01
3GIV	E	100	HLA-A*02:01
3GIV	F	10	HLA-A*02:01
4IHO	A	272	H2-Db_Y159F_mutant
4IHO	B	97	H2-Db_Y159F_mutant
4IHO	C	9	H2-Db_Y159F_mutant
4IHO	D	272	H2-Db_Y159F_mutant
4IHO	E	99	H2-Db_Y159F_mutant
4IHO	F	9	H2-Db_Y159F_mutant
4JFD	A	276	HLA-A*02:01
4JFD	B	100	HLA-A*02:01
4JFD	C	10	HLA-A*02:01
4JFD	D	196	HLA-A*02:01
4JFD	E	245	HLA-A*02:01
4JFD	1	1	HLA-A*02:01
1S7Q	A	276	H2-Kb
1S7Q	B	99	H2-Kb
1S7Q	C	8	H2-Kb
1S7U	A	276	H2-Db
1S7U	B	99	H2-Db
1S7U	C	9	H2-Db
1S7U	D	274	H2-Db
1S7U	E	99	H2-Db
1S7U	F	9	H2-Db
1S7U	G	274	H2-Db
1S7U	H	99	H2-Db
1S7U	I	9	H2-Db
1S7U	J	273	H2-Db
1S7U	K	99	H2-Db
1S7U	L	9	H2-Db
1S7T	A	276	H2-Kb
1S7T	B	99	H2-Kb
1S7T	C	8	H2-Kb
1S7T	D	276	H2-Kb
1S7T	E	99	H2-Kb
1S7T	F	8	H2-Kb
1S7X	A	276	H2-Db
1S7X	B	99	H2-Db
1S7X	C	9	H2-Db
1S7X	D	276	H2-Db
1S7X	E	99	H2-Db
1S7X	F	9	H2-Db
1S7X	G	276	H2-Db
1S7X	H	99	H2-Db
1S7X	I	9	H2-Db
1S7X	J	276	H2-Db
1S7X	K	99	H2-Db
1S7X	L	9	H2-Db
3TIE	A	277	H2-Kb
3TIE	B	99	H2-Kb
3TIE	C	8	H2-Kb
3TIE	D	277	H2-Kb
3TIE	E	99	H2-Kb
3TIE	F	8	H2-Kb
3TID	A	277	H2-Kb
3TID	B	99	H2-Kb
3TID	C	8	H2-Kb
3TID	1	1	H2-Kb
3TID	2	1	H2-Kb
3TID	3	1	H2-Kb
3VXN	A	274	HLA-A*24:02
3VXN	B	99	HLA-A*24:02
3VXN	C	10	HLA-A*24:02
3VXO	A	274	HLA-A*24:02
3VXO	B	99	HLA-A*24:02
3VXO	D	274	HLA-A*24:02
3VXO	E	99	HLA-A*24:02
3VXO	C	10	HLA-A*24:02
3VXO	F	10	HLA-A*24:02
3VXP	A	274	HLA-A*24:02
3VXP	B	100	HLA-A*24:02
3VXP	C	10	HLA-A*24:02
3VXP	D	274	HLA-A*24:02
3VXP	E	100	HLA-A*24:02
3VXP	F	10	HLA-A*24:02
4L29	A	276	HLA-A*02:01
4L29	B	100	HLA-A*02:01
4L29	m	9	HLA-A*02:01
4L29	C	276	HLA-A*02:01
4L29	D	100	HLA-A*02:01
4L29	i	9	HLA-A*02:01
4L29	E	276	HLA-A*02:01
4L29	F	100	HLA-A*02:01
4L29	k	9	HLA-A*02:01
4L29	G	276	HLA-A*02:01
4L29	H	100	HLA-A*02:01
4L29	f	9	HLA-A*02:01
4L29	I	276	HLA-A*02:01
4L29	J	100	HLA-A*02:01
4L29	l	9	HLA-A*02:01
4L29	K	276	HLA-A*02:01
4L29	L	100	HLA-A*02:01
4L29	h	9	HLA-A*02:01
4L29	M	276	HLA-A*02:01
4L29	N	100	HLA-A*02:01
4L29	e	9	HLA-A*02:01
4L29	O	276	HLA-A*02:01
4L29	P	100	HLA-A*02:01
4L29	n	9	HLA-A*02:01
4L29	Q	276	HLA-A*02:01
4L29	R	100	HLA-A*02:01
4L29	p	9	HLA-A*02:01
4L29	S	276	HLA-A*02:01
4L29	T	100	HLA-A*02:01
4L29	o	9	HLA-A*02:01
4L29	U	276	HLA-A*02:01
4L29	V	100	HLA-A*02:01
4L29	c	9	HLA-A*02:01
4L29	W	276	HLA-A*02:01
4L29	X	100	HLA-A*02:01
4L29	g	9	HLA-A*02:01
4L29	Y	276	HLA-A*02:01
4L29	Z	100	HLA-A*02:01
4L29	q	9	HLA-A*02:01
4L29	a	276	HLA-A*02:01
4L29	b	100	HLA-A*02:01
4L29	j	9	HLA-A*02:01
4QRU	A	276	HLA-B*08:01
4QRU	B	99	HLA-B*08:01
4QRU	C	9	HLA-B*08:01
4QRS	A	276	HLA-B*08:01
4QRS	B	100	HLA-B*08:01
4QRS	C	9	HLA-B*08:01
4QRT	A	276	HLA-B*08:01
4QRT	B	100	HLA-B*08:01
4QRT	C	9	HLA-B*08:01
4NQV	A	274	HLA-A*01:01
4NQV	B	100	HLA-A*01:01
4NQV	C	274	HLA-A*01:01
4NQV	D	100	HLA-A*01:01
4NQV	E	274	HLA-A*01:01
4NQV	F	99	HLA-A*01:01
4NQV	G	274	HLA-A*01:01
4NQV	H	100	HLA-A*01:01
4NQV	I	274	HLA-A*01:01
4NQV	J	100	HLA-A*01:01
4NQV	K	274	HLA-A*01:01
4NQV	L	100	HLA-A*01:01
4NQV	M	9	HLA-A*01:01
4NQV	N	9	HLA-A*01:01
4NQV	O	9	HLA-A*01:01
4NQV	P	9	HLA-A*01:01
4NQV	Q	9	HLA-A*01:01
4NQV	R	9	HLA-A*01:01
4NQX	A	274	HLA-A*01:01
4NQX	B	100	HLA-A*01:01
4NQX	C	275	HLA-A*01:01
4NQX	D	100	HLA-A*01:01
4NQX	E	275	HLA-A*01:01
4NQX	F	99	HLA-A*01:01
4NQX	G	274	HLA-A*01:01
4NQX	H	100	HLA-A*01:01
4NQX	I	274	HLA-A*01:01
4NQX	J	100	HLA-A*01:01
4NQX	K	275	HLA-A*01:01
4NQX	L	100	HLA-A*01:01
4NQX	M	9	HLA-A*01:01
4NQX	N	9	HLA-A*01:01
4NQX	O	9	HLA-A*01:01
4NQX	P	9	HLA-A*01:01
4NQX	Q	9	HLA-A*01:01
4NQX	R	9	HLA-A*01:01
3L3G	A	276	HLA-B*44:02
3L3G	B	99	HLA-B*44:02
3L3G	C	9	HLA-B*44:02
3L3I	A	276	HLA-B*44:02
3L3I	B	99	HLA-B*44:02
3L3I	C	9	HLA-B*44:02
3L3K	A	276	HLA-B*44:02
3L3K	B	99	HLA-B*44:02
3L3K	C	9	HLA-B*44:02
4HS3	A	276	H2-Kb_Y84C_mutant
4HS3	B	99	H2-Kb_Y84C_mutant
4HS3	C	8	H2-Kb_Y84C_mutant
4PV9	A	278	H2-Kb
4PV9	B	99	H2-Kb
4PV9	C	277	H2-Kb
4PV9	D	99	H2-Kb
4PV9	E	8	H2-Kb
4PV9	F	8	H2-Kb
4PV8	A	278	H2-Kb
4PV8	B	99	H2-Kb
4PV8	C	278	H2-Kb
4PV8	D	99	H2-Kb
4PV8	E	8	H2-Kb
4PV8	F	8	H2-Kb
3WL9	A	274	HLA-A*24:02
3WL9	B	100	HLA-A*24:02
3WL9	C	10	HLA-A*24:02
3WLB	A	274	HLA-A*24:02
3WLB	B	100	HLA-A*24:02
3WLB	C	10	HLA-A*24:02
4PRB	A	276	HLA-B*35:08
4PRB	B	99	HLA-B*35:08
4PRB	C	11	HLA-B*35:08
4PR5	A	276	HLA-B*35:01
4PR5	B	99	HLA-B*35:01
4PR5	C	11	HLA-B*35:01
4PRD	A	276	HLA-B*35:08
4PRD	B	99	HLA-B*35:08
4PRD	C	11	HLA-B*35:08
4PRA	A	276	HLA-B*35:01
4PRA	B	99	HLA-B*35:01
4PRA	C	11	HLA-B*35:01
4PRE	A	276	HLA-B*35:08
4PRE	B	99	HLA-B*35:08
4PRE	C	11	HLA-B*35:08
4O2E	A	274	HLA-B*39:01
4O2E	B	99	HLA-B*39:01
4O2E	C	9	HLA-B*39:01
4O2E	D	274	HLA-B*39:01
4O2E	E	99	HLA-B*39:01
4O2E	F	9	HLA-B*39:01
4O2C	A	274	HLA-B*39:01
4O2C	B	99	HLA-B*39:01
4O2C	C	10	HLA-B*39:01
4O2F	A	274	HLA-B*39:01
4O2F	B	99	HLA-B*39:01
4O2F	C	8	HLA-B*39:01
4O2F	D	274	HLA-B*39:01
4O2F	E	99	HLA-B*39:01
4O2F	F	8	HLA-B*39:01
4NT6	A	274	HLA-C*08:01
4NT6	B	99	HLA-C*08:01
4NT6	C	9	HLA-C*08:01
3WS3	A	266	H2-Db
3WS3	B	100	H2-Db
3WS3	C	271	H2-Db
3WS3	D	100	H2-Db
3WS3	E	9	H2-Db
3WS3	F	9	H2-Db
4WJ5	A	275	HLA-A*02:01
4WJ5	B	100	HLA-A*02:01
4WJ5	C	10	HLA-A*02:01
4WJ5	D	275	HLA-A*02:01
4WJ5	E	100	HLA-A*02:01
4WJ5	F	10	HLA-A*02:01
4QRQ	A	269	HLA-B*08:01
4QRQ	B	100	HLA-B*08:01
4QRQ	C	9	HLA-B*08:01
4QRP	A	276	HLA-B*08:01
4QRP	B	99	HLA-B*08:01
4QRP	C	9	HLA-B*08:01
4QRP	D	203	HLA-B*08:01
4QRP	E	243	HLA-B*08:01
4QRP	F	276	HLA-B*08:01
4QRP	G	100	HLA-B*08:01
4QRP	H	9	HLA-B*08:01
4QRP	I	243	HLA-B*08:01
4QRP	J	203	HLA-B*08:01
4QRP	K	202	HLA-B*08:01
4QRP	L	243	HLA-B*08:01
3X11	A	276	HLA-B*57:01_I80N_mutant
3X11	B	99	HLA-B*57:01_I80N_mutant
3X11	C	9	HLA-B*57:01_I80N_mutant
3X12	A	275	HLA-B*57:01_I80N_mutant
3X12	B	99	HLA-B*57:01_I80N_mutant
3X12	C	9	HLA-B*57:01_I80N_mutant
3X13	A	276	HLA-B*08:01_N80I_mutant
3X13	B	99	HLA-B*08:01_N80I_mutant
3X13	C	9	HLA-B*08:01_N80I_mutant
3X14	A	276	HLA-B*08:01_N80I_mutant
3X14	B	99	HLA-B*08:01_N80I_mutant
3X14	C	9	HLA-B*08:01_N80I_mutant
4U6X	A	274	HLA-A*02:01
4U6X	B	100	HLA-A*02:01
4U6X	P	10	HLA-A*02:01
4U6Y	A	274	HLA-A*02:01
4U6Y	B	97	HLA-A*02:01
4U6Y	P	15	HLA-A*02:01
3MRC	A	274	HLA-A*02:01
3MRC	B	100	HLA-A*02:01
3MRC	P	9	HLA-A*02:01
3MRD	A	274	HLA-A*02:01
3MRD	B	99	HLA-A*02:01
3MRD	P	9	HLA-A*02:01
3MRE	A	274	HLA-A*02:01
3MRE	B	100	HLA-A*02:01
3MRE	P	9	HLA-A*02:01
3MRH	A	274	HLA-A*02:01
3MRH	B	100	HLA-A*02:01
3MRH	P	9	HLA-A*02:01
3MRL	A	274	HLA-A*02:01
3MRL	B	100	HLA-A*02:01
3MRL	P	9	HLA-A*02:01
3MRO	A	275	HLA-A*02:01
3MRO	B	100	HLA-A*02:01
3MRO	P	10	HLA-A*02:01
3MRR	A	275	HLA-A*02:01
3MRR	B	100	HLA-A*02:01
3MRR	P	10	HLA-A*02:01
4PG9	A	276	H2-Kb
4PG9	B	99	H2-Kb
4PG9	C	9	H2-Kb
4PGB	A	278	H2-Kb
4PGB	B	99	H2-Kb
4PGB	C	9	H2-Kb
4PGB	D	278	H2-Kb
4PGB	E	99	H2-Kb
4PGB	F	9	H2-Kb
4PGD	A	274	H2-Kb
4PGD	B	99	H2-Kb
4PGD	C	9	H2-Kb
4PGE	A	274	H2-Kb
4PGE	B	99	H2-Kb
4PGE	C	9	H2-Kb
4UQ2	A	275	HLA-A*11:01
4UQ2	B	99	HLA-A*11:01
4UQ2	C	275	HLA-A*11:01
4UQ2	D	99	HLA-A*11:01
4UQ2	E	7	HLA-A*11:01
4UQ2	G	7	HLA-A*11:01
4UQ3	A	275	HLA-A*02:01
4UQ3	B	100	HLA-A*02:01
4UQ3	C	275	HLA-A*02:01
4UQ3	D	100	HLA-A*02:01
4UQ3	E	6	HLA-A*02:01
4UQ3	F	6	HLA-A*02:01
4U1H	A	277	HLA-B*07:02
4U1H	B	100	HLA-B*07:02
4U1H	C	9	HLA-B*07:02
4U1I	A	278	HLA-B*81:01
4U1I	B	100	HLA-B*81:01
4U1I	C	9	HLA-B*81:01
4U1J	A	278	HLA-B*42:01
4U1J	B	100	HLA-B*42:01
4U1J	C	9	HLA-B*42:01
4U1K	A	277	HLA-B*07:02
4U1K	B	100	HLA-B*07:02
4U1K	C	9	HLA-B*07:02
4U1K	D	277	HLA-B*07:02
4U1K	E	100	HLA-B*07:02
4U1K	F	9	HLA-B*07:02
4U1L	A	277	HLA-B*81:01
4U1L	B	100	HLA-B*81:01
4U1L	C	9	HLA-B*81:01
4U1L	D	277	HLA-B*81:01
4U1L	E	100	HLA-B*81:01
4U1L	F	9	HLA-B*81:01
4U1M	A	277	HLA-B*42:01
4U1M	B	100	HLA-B*42:01
4U1M	C	9	HLA-B*42:01
4U1N	A	278	HLA-B*42:02
4U1N	B	100	HLA-B*42:02
4U1N	C	9	HLA-B*42:02
4U1S	A	278	HLA-B*81:01
4U1S	B	100	HLA-B*81:01
4U1S	C	9	HLA-B*81:01
4XXC	A	276	HLA-B*18:01
4XXC	C	100	HLA-B*18:01
4XXC	B	8	HLA-B*18:01
4D0B	A	277	BF2*2101
4D0B	B	97	BF2*2101
4D0B	C	10	BF2*2101
4D0C	A	276	BF2*2101
4D0C	B	97	BF2*2101
4D0C	C	10	BF2*2101
4CVZ	A	277	BF2*2101
4CVZ	B	97	BF2*2101
4CVZ	C	10	BF2*2101
2YEZ	A	278	BF2*2101
2YEZ	B	96	BF2*2101
2YEZ	C	10	BF2*2101
4CVX	A	272	BF2*0201
4CVX	B	96	BF2*0201
4CVX	C	9	BF2*0201
4CVX	D	272	BF2*0201
4CVX	E	96	BF2*0201
4CVX	F	9	BF2*0201
4D0D	A	275	BF2*0201
4D0D	B	96	BF2*0201
4D0D	C	8	BF2*0201
4D0D	D	272	BF2*0201
4D0D	E	97	BF2*0201
4D0D	F	8	BF2*0201
4D0D	G	270	BF2*0201
4D0D	H	96	BF2*0201
4D0D	I	8	BF2*0201
4D0D	J	274	BF2*0201
4D0D	K	97	BF2*0201
4D0D	L	8	BF2*0201
4CW1	A	271	BF2*1401
4CW1	B	98	BF2*1401
4CW1	C	9	BF2*1401
4CW1	D	271	BF2*1401
4CW1	E	97	BF2*1401
4CW1	F	9	BF2*1401
4L8D	A	277	H2-Db
4L8D	B	98	H2-Db
4L8D	C	277	H2-Db
4L8D	D	98	H2-Db
4L8D	E	9	H2-Db
4L8D	F	9	H2-Db
4L8C	A	275	H2-Db
4L8C	B	97	H2-Db
4L8C	C	275	H2-Db
4L8C	D	97	H2-Db
4L8C	E	275	H2-Db
4L8C	F	98	H2-Db
4L8C	G	275	H2-Db
4L8C	H	97	H2-Db
4L8C	I	9	H2-Db
4L8C	J	9	H2-Db
4L8C	K	9	H2-Db
4L8C	L	9	H2-Db
4L8B	A	276	H2-Db
4L8B	B	98	H2-Db
4L8B	C	9	H2-Db
3VFR	A	276	HLA-B*35:08
3VFR	B	100	HLA-B*35:08
3VFR	C	13	HLA-B*35:08
3VFS	A	276	HLA-B*35:08
3VFS	B	99	HLA-B*35:08
3VFS	C	13	HLA-B*35:08
3VFT	A	276	HLA-B*35:08
3VFT	B	100	HLA-B*35:08
3VFT	C	13	HLA-B*35:08
3VFU	A	276	HLA-B*35:08
3VFU	B	100	HLA-B*35:08
3VFU	C	13	HLA-B*35:08
3VFV	A	276	HLA-B*35:08
3VFV	B	100	HLA-B*35:08
3VFV	C	13	HLA-B*35:08
3VFW	A	276	HLA-B*35:08
3VFW	B	99	HLA-B*35:08
3VFW	C	13	HLA-B*35:08
3VFN	A	276	HLA-B*35:08
3VFN	B	99	HLA-B*35:08
3VFN	C	13	HLA-B*35:08
3VFM	A	276	HLA-B*35:08
3VFM	B	100	HLA-B*35:08
3VFM	C	13	HLA-B*35:08
3VFO	A	276	HLA-B*35:08
3VFO	B	99	HLA-B*35:08
3VFO	C	13	HLA-B*35:08
4Z78	A	277	H2-Kd
4Z78	B	100	H2-Kd
4Z78	C	10	H2-Kd
4Z78	D	277	H2-Kd
4Z78	E	100	H2-Kd
4Z78	F	10	H2-Kd
4Z78	G	277	H2-Kd
4Z78	H	100	H2-Kd
4Z78	I	10	H2-Kd
4WDI	A	277	H2-Kd
4WDI	B	100	H2-Kd
4WDI	C	9	H2-Kd
4WDI	D	277	H2-Kd
4WDI	E	100	H2-Kd
4WDI	F	9	H2-Kd
4Z76	A	277	H2-Kd
4Z76	B	100	H2-Kd
4Z76	C	9	H2-Kd
4Z76	D	277	H2-Kd
4Z76	E	100	H2-Kd
4Z76	F	9	H2-Kd
5DEF	A	276	HLA-B*27:04
5DEF	B	100	HLA-B*27:04
5DEF	C	9	HLA-B*27:04
5DEG	A	276	HLA-B*27:06
5DEG	B	100	HLA-B*27:06
5DEG	C	9	HLA-B*27:06
5E8N	A	272	H2-Db
5E8N	B	99	H2-Db
5E8N	C	9	H2-Db
5E8N	D	272	H2-Db
5E8N	E	99	H2-Db
5E8N	F	9	H2-Db
5E8N	G	269	H2-Db
5E8N	H	99	H2-Db
5E8N	I	9	H2-Db
5E8N	J	258	H2-Db
5E8N	K	99	H2-Db
5E8N	L	9	H2-Db
5E8P	A	272	H2-Db
5E8P	B	99	H2-Db
5E8P	C	9	H2-Db
5E8P	D	271	H2-Db
5E8P	E	99	H2-Db
5E8P	F	9	H2-Db
5E8O	A	272	H2-Db
5E8O	C	9	H2-Db
5E8O	B	99	H2-Db
5E8O	D	274	H2-Db
5E8O	E	99	H2-Db
5E8O	F	9	H2-Db
5EU3	A	276	HLA-A*02:01
5EU3	B	100	HLA-A*02:01
5EU3	C	9	HLA-A*02:01
5EU4	A	276	HLA-A*02:01
5EU4	B	100	HLA-A*02:01
5EU4	C	9	HLA-A*02:01
5EU4	D	276	HLA-A*02:01
5EU4	E	100	HLA-A*02:01
5EU4	F	9	HLA-A*02:01
5EU5	A	276	HLA-A*02:01
5EU5	B	100	HLA-A*02:01
5EU5	C	9	HLA-A*02:01
5DDH	A	274	HLA-A*02:01
5DDH	B	99	HLA-A*02:01
5DDH	C	12	HLA-A*02:01
5D9S	A	274	HLA-A*02:01
5D9S	B	99	HLA-A*02:01
5D9S	C	11	HLA-A*02:01
5EO0	A	275	HLA-B*07:02
5EO0	B	99	HLA-B*07:02
5EO0	C	9	HLA-B*07:02
5EO1	A	275	HLA-B*07:02
5EO1	B	100	HLA-B*07:02
5EO1	C	9	HLA-B*07:02
5HHP	A	274	HLA-A*02:01
5HHP	B	100	HLA-A*02:01
5HHP	C	9	HLA-A*02:01
5HHQ	A	274	HLA-A*02:01
5HHQ	B	99	HLA-A*02:01
5HHQ	C	9	HLA-A*02:01
5HHN	A	274	HLA-A*02:01
5HHN	B	99	HLA-A*02:01
5HHN	C	9	HLA-A*02:01
5H94	A	275	SLA-3*02:02
5H94	B	97	SLA-3*02:02
5H94	C	9	SLA-3*02:02
5H94	D	275	SLA-3*02:02
5H94	E	97	SLA-3*02:02
5H94	F	9	SLA-3*02:02
5C0G	A	276	HLA-A*02:01
5C0G	B	100	HLA-A*02:01
5C0G	C	10	HLA-A*02:01
5C0D	A	276	HLA-A*02:01
5C0D	B	100	HLA-A*02:01
5C0D	C	10	HLA-A*02:01
5C0J	A	277	HLA-A*02:01
5C0J	B	100	HLA-A*02:01
5C0J	C	10	HLA-A*02:01
5C0E	A	277	HLA-A*02:01
5C0E	B	100	HLA-A*02:01
5C0E	C	10	HLA-A*02:01
5C0I	A	277	HLA-A*02:01
5C0I	B	100	HLA-A*02:01
5C0I	C	10	HLA-A*02:01
5IRO	A	264	HLA-A*02:01
5IRO	B	9	HLA-A*02:01
5IRO	C	96	HLA-A*02:01
5IRO	D	102	HLA-A*02:01
5IRO	E	268	HLA-A*02:01
5IRO	F	9	HLA-A*02:01
5IRO	G	98	HLA-A*02:01
5IRO	H	103	HLA-A*02:01
5IRO	I	252	HLA-A*02:01
5IRO	J	9	HLA-A*02:01
5IRO	K	98	HLA-A*02:01
5IRO	L	103	HLA-A*02:01
5IRO	M	265	HLA-A*02:01
5IRO	N	9	HLA-A*02:01
5IRO	O	98	HLA-A*02:01
5IRO	P	103	HLA-A*02:01
5IRO	Q	259	HLA-A*02:01
5IRO	R	9	HLA-A*02:01
5IRO	S	98	HLA-A*02:01
5IRO	T	103	HLA-A*02:01
5IRO	U	246	HLA-A*02:01
5IRO	V	9	HLA-A*02:01
5IRO	W	98	HLA-A*02:01
5IRO	X	103	HLA-A*02:01
5IM7	A	277	HLA-B*58:01
5IM7	B	99	HLA-B*58:01
5IM7	C	277	HLA-B*58:01
5IM7	D	99	HLA-B*58:01
5IM7	E	9	HLA-B*58:01
5IM7	F	9	HLA-B*58:01
5IND	A	277	HLA-B*58:01
5IND	B	99	HLA-B*58:01
5IND	C	277	HLA-B*58:01
5IND	D	99	HLA-B*58:01
5IND	E	9	HLA-B*58:01
5IND	F	9	HLA-B*58:01
5INC	A	277	HLA-B*58:01
5INC	B	99	HLA-B*58:01
5INC	C	277	HLA-B*58:01
5INC	D	99	HLA-B*58:01
5INC	E	9	HLA-B*58:01
5INC	F	9	HLA-B*58:01
4ZUV	A	274	Eqca-N*00602
4ZUV	B	99	Eqca-N*00602
4ZUV	C	12	Eqca-N*00602
4ZUV	D	274	Eqca-N*00602
4ZUV	E	99	Eqca-N*00602
4ZUV	F	12	Eqca-N*00602
4ZUT	A	274	Eqca-N*00602
4ZUT	B	99	Eqca-N*00602
4ZUT	C	12	Eqca-N*00602
4ZUS	A	274	Eqca-N*00602
4ZUS	B	99	Eqca-N*00602
4ZUS	C	11	Eqca-N*00602
4ZUW	A	274	Eqca-N*00601
4ZUW	B	99	Eqca-N*00601
4ZUW	C	12	Eqca-N*00601
4ZUU	A	274	Eqca-N*00602
4ZUU	B	99	Eqca-N*00602
4ZUU	C	9	Eqca-N*00602
5SWQ	A	275	HLA-A*02:01
5SWQ	B	99	HLA-A*02:01
5SWQ	C	9	HLA-A*02:01
5MEO	A	276	HLA-A*02:01
5MEO	B	100	HLA-A*02:01
5MEO	C	9	HLA-A*02:01
5MEP	A	276	HLA-A*02:01
5MEP	B	100	HLA-A*02:01
5MEP	C	9	HLA-A*02:01
5MEP	D	276	HLA-A*02:01
5MEP	E	100	HLA-A*02:01
5MEP	F	9	HLA-A*02:01
5MER	A	276	HLA-A*02:01
5MER	B	100	HLA-A*02:01
5MER	C	9	HLA-A*02:01
5MER	D	276	HLA-A*02:01
5MER	E	100	HLA-A*02:01
5MER	F	9	HLA-A*02:01
4MJ5	A	274	HLA-A*11:01
4MJ5	B	100	HLA-A*11:01
4MJ5	C	11	HLA-A*11:01
4MJ6	A	274	HLA-A*11:01
4MJ6	B	100	HLA-A*11:01
4MJ6	C	11	HLA-A*11:01
5F1I	A	270	DLA-88*50801
5F1I	B	99	DLA-88*50801
5F1I	C	9	DLA-88*50801
5F1I	D	271	DLA-88*50801
5F1I	E	99	DLA-88*50801
5F1I	F	9	DLA-88*50801
5F1I	G	271	DLA-88*50801
5F1I	H	99	DLA-88*50801
5F1I	I	9	DLA-88*50801
5F1I	J	270	DLA-88*50801
5F1I	K	99	DLA-88*50801
5F1I	L	9	DLA-88*50801
5F1I	M	271	DLA-88*50801
5F1I	N	99	DLA-88*50801
5F1I	O	9	DLA-88*50801
5F1I	P	271	DLA-88*50801
5F1I	Q	99	DLA-88*50801
5F1I	R	9	DLA-88*50801
5F1I	S	271	DLA-88*50801
5F1I	T	99	DLA-88*50801
5F1I	U	9	DLA-88*50801
5F1I	V	271	DLA-88*50801
5F1I	W	99	DLA-88*50801
5F1I	X	9	DLA-88*50801
5JHD	A	276	HLA-A*02:01
5JHD	B	100	HLA-A*02:01
5JHD	C	9	HLA-A*02:01
5JHD	D	201	HLA-A*02:01
5JHD	E	239	HLA-A*02:01
5JHD	F	276	HLA-A*02:01
5JHD	G	100	HLA-A*02:01
5JHD	H	9	HLA-A*02:01
5JHD	I	203	HLA-A*02:01
5JHD	J	239	HLA-A*02:01
5JHD	1	1	HLA-A*02:01
5JHD	2	1	HLA-A*02:01
5ENW	A	274	HLA-A*02:01
5ENW	B	99	HLA-A*02:01
5ENW	C	9	HLA-A*02:01
5F7D	A	273	HLA-A*02:01
5F7D	B	99	HLA-A*02:01
5F7D	C	10	HLA-A*02:01
5FA3	A	273	HLA-A*02:01
5FA3	B	99	HLA-A*02:01
5FA3	C	9	HLA-A*02:01
5EOT	A	273	HLA-A*02:01
5EOT	B	100	HLA-A*02:01
5EOT	C	11	HLA-A*02:01
5F9J	A	274	HLA-A*02:01
5F9J	B	98	HLA-A*02:01
5F9J	C	9	HLA-A*02:01
5FDW	A	274	HLA-A*02:01
5FDW	B	100	HLA-A*02:01
5FDW	C	10	HLA-A*02:01
5FA4	A	273	HLA-A*02:01
5FA4	B	99	HLA-A*02:01
5FA4	C	11	HLA-A*02:01
5T6X	A	275	HLA-B*57:01
5T6X	B	99	HLA-B*57:01
5T6X	C	10	HLA-B*57:01
5T6W	A	275	HLA-B*57:01
5T6W	B	99	HLA-B*57:01
5T6W	C	10	HLA-B*57:01
5T6Y	A	276	HLA-B*57:01
5T6Y	B	99	HLA-B*57:01
5T6Y	C	12	HLA-B*57:01
5N1Y	A	277	HLA-A*02:01
5N1Y	B	100	HLA-A*02:01
5N1Y	C	10	HLA-A*02:01
5GSV	A	274	H2-Kd
5GSV	B	99	H2-Kd
5GSV	C	10	H2-Kd
5GSR	D	100	H2-Kd
5GSR	B	100	H2-Kd
5GSR	A	274	H2-Kd
5GSR	C	274	H2-Kd
5GSR	P	9	H2-Kd
5GSR	Q	9	H2-Kd
5GSX	A	274	H2-Kd
5GSX	B	99	H2-Kd
5GSX	C	10	H2-Kd
5GSX	D	274	H2-Kd
5GSX	E	99	H2-Kd
5GSX	F	10	H2-Kd
5GR7	A	274	H2-Kd
5GR7	B	99	H2-Kd
5GR7	C	9	H2-Kd
5GSB	A	274	H2-Kd
5GSB	B	99	H2-Kd
5GSB	C	9	H2-Kd
4NNX	A	274	HLA-A*02:01
4NNX	B	99	HLA-A*02:01
4NNX	C	9	HLA-A*02:01
4NNY	A	274	HLA-A*02:01
4NNY	B	99	HLA-A*02:01
4NNY	C	9	HLA-A*02:01
4NO2	A	274	HLA-A*02:01
4NO2	B	99	HLA-A*02:01
4NO2	C	12	HLA-A*02:01
4NO3	A	274	HLA-A*02:01
4NO3	B	99	HLA-A*02:01
4NO3	C	9	HLA-A*02:01
4NO5	A	275	HLA-A*02:01
4NO5	B	98	HLA-A*02:01
4NO5	C	9	HLA-A*02:01
5IEK	A	276	HLA-B*40:02
5IEK	B	100	HLA-B*40:02
5IEK	C	9	HLA-B*40:02
5IEH	A	276	HLA-B*40:02
5IEH	B	98	HLA-B*40:02
5IEH	C	9	HLA-B*40:02
5V5L	A	278	HLA-B*58:01
5V5L	B	100	HLA-B*58:01
5V5L	C	277	HLA-B*58:01
5V5L	D	99	HLA-B*58:01
5V5L	E	10	HLA-B*58:01
5V5L	F	10	HLA-B*58:01
5V5M	A	278	HLA-B*57:01
5V5M	B	99	HLA-B*57:01
5V5M	C	276	HLA-B*57:01
5V5M	D	99	HLA-B*57:01
5V5M	E	10	HLA-B*57:01
5V5M	F	10	HLA-B*57:01
5GJY	A	266	Anpl-UAA*01
5GJY	B	100	Anpl-UAA*01
5GJY	C	7	Anpl-UAA*01
5GJX	A	266	Anpl-UAA*01
5GJX	B	104	Anpl-UAA*01
5GJX	C	9	Anpl-UAA*01
5GRD	A	274	HLA-A*11:01
5GRD	B	99	HLA-A*11:01
5GRD	C	10	HLA-A*11:01
5GSD	A	274	HLA-A*11:01
5GSD	B	99	HLA-A*11:01
5GSD	C	7	HLA-A*11:01
5VGD	A	273	HLA-C*05:01
5VGD	B	100	HLA-C*05:01
5VGD	C	9	HLA-C*05:01
5VGE	A	275	HLA-C*07:02
5VGE	B	100	HLA-C*07:02
5VGE	C	9	HLA-C*07:02
5W6A	A	273	HLA-C*06:02
5W6A	B	100	HLA-C*06:02
5W6A	C	273	HLA-C*06:02
5W6A	D	100	HLA-C*06:02
5W6A	E	9	HLA-C*06:02
5W6A	F	9	HLA-C*06:02
5W69	A	273	HLA-C*06:02
5W69	B	100	HLA-C*06:02
5W69	C	273	HLA-C*06:02
5W69	D	100	HLA-C*06:02
5W69	E	273	HLA-C*06:02
5W69	F	100	HLA-C*06:02
5W69	G	268	HLA-C*06:02
5W69	H	100	HLA-C*06:02
5W69	I	9	HLA-C*06:02
5W69	J	9	HLA-C*06:02
5W69	K	9	HLA-C*06:02
5W69	L	9	HLA-C*06:02
5XS3	A	271	HLA-C*06:02
5XS3	B	98	HLA-C*06:02
5XS3	C	9	HLA-C*06:02
3QFD	A	275	HLA-A*02:01
3QFD	B	100	HLA-A*02:01
3QFD	C	9	HLA-A*02:01
3QFD	D	275	HLA-A*02:01
3QFD	E	100	HLA-A*02:01
3QFD	F	9	HLA-A*02:01
5W67	A	273	HLA-C*06:02
5W67	B	99	HLA-C*06:02
5W67	C	9	HLA-C*06:02
5WJL	A	274	HLA-A*11:01
5WJL	B	100	HLA-A*11:01
5WJL	C	10	HLA-A*11:01
5WJL	D	274	HLA-A*11:01
5WJL	E	100	HLA-A*11:01
5WJL	F	10	HLA-A*11:01
5WJL	G	274	HLA-A*11:01
5WJL	H	100	HLA-A*11:01
5WJL	I	10	HLA-A*11:01
5WJN	A	274	HLA-A*11:01
5WJN	B	100	HLA-A*11:01
5WJN	C	10	HLA-A*11:01
5WJN	D	274	HLA-A*11:01
5WJN	E	100	HLA-A*11:01
5WJN	F	10	HLA-A*11:01
5WJN	G	274	HLA-A*11:01
5WJN	H	100	HLA-A*11:01
5WJN	I	10	HLA-A*11:01
5WEU	A	273	H2-Dd
5WEU	B	99	H2-Dd
5WEU	P	10	H2-Dd
5NMH	A	276	HLA-A*02:01
5NMH	B	99	HLA-A*02:01
5NMH	C	9	HLA-A*02:01
5NMK	A	276	HLA-A*02:01
5NMK	B	100	HLA-A*02:01
5NMK	C	9	HLA-A*02:01
5JWE	A	276	H2-Db
5JWE	B	99	H2-Db
5JWE	C	276	H2-Db
5JWE	D	99	H2-Db
5JWE	E	268	H2-Db
5JWE	F	99	H2-Db
5JWE	G	273	H2-Db
5JWE	H	99	H2-Db
5JWE	P	10	H2-Db
5JWE	Q	10	H2-Db
5JWE	R	10	H2-Db
5JWE	S	10	H2-Db
5JWD	A	258	H2-Db
5JWD	B	99	H2-Db
5JWD	C	9	H2-Db
5XOS	A	276	HLA-B*35:01
5XOS	B	99	HLA-B*35:01
5XOS	C	9	HLA-B*35:01
5WLI	A	276	H2-Db
5WLI	B	98	H2-Db
5WLI	C	9	H2-Db
5WLI	D	277	H2-Db
5WLI	E	98	H2-Db
5WLI	F	9	H2-Db
5WLI	G	276	H2-Db
5WLI	H	99	H2-Db
5WLI	I	9	H2-Db
5WLI	J	276	H2-Db
5WLI	K	98	H2-Db
5WLI	L	9	H2-Db
5KD7	A	273	H2-Dd
5KD7	B	99	H2-Dd
5KD7	P	9	H2-Dd
5KD7	C	273	H2-Dd
5KD7	D	100	H2-Dd
5KD7	E	9	H2-Dd
5KD7	F	275	H2-Dd
5KD7	G	100	H2-Dd
5KD7	H	9	H2-Dd
5KD7	I	266	H2-Dd
5KD7	J	100	H2-Dd
5KD7	K	9	H2-Dd
5KD4	A	273	H2-Dd
5KD4	B	99	H2-Dd
5KD4	P	10	H2-Dd
5KD4	C	273	H2-Dd
5KD4	D	99	H2-Dd
5KD4	Q	10	H2-Dd
5T7G	A	273	H2-Dd
5T7G	B	99	H2-Dd
5T7G	P	9	H2-Dd
5T7G	C	273	H2-Dd
5T7G	D	99	H2-Dd
5T7G	Q	9	H2-Dd
5TXS	A	276	HLA-B*15:01
5TXS	B	100	HLA-B*15:01
5TXS	C	9	HLA-B*15:01
5VZ5	A	277	HLA-B*15:01
5VZ5	B	100	HLA-B*15:01
5VZ5	C	10	HLA-B*15:01
6AT9	A	274	HLA-A*01:01
6AT9	B	100	HLA-A*01:01
6AT9	C	10	HLA-A*01:01
5XMF	A	275	FLA-E*01801
5XMF	B	99	FLA-E*01801
5XMF	C	9	FLA-E*01801
5XMM	A	275	FLA-E*01801_W167S_mutant
5XMM	B	99	FLA-E*01801_W167S_mutant
5XMM	C	9	FLA-E*01801_W167S_mutant
6BXP	A	275	HLA-B*57:01
6BXP	B	99	HLA-B*57:01
6BXP	C	6	HLA-B*57:01
6BXQ	A	8	HLA-B*57:01
6BXQ	B	276	HLA-B*57:01
6BXQ	C	100	HLA-B*57:01
6AT5	A	275	HLA-B*07:02
6AT5	B	99	HLA-B*07:02
6AT5	C	13	HLA-B*07:02
5MZM	A	271	H2-Db
5MZM	B	99	H2-Db
5MZM	C	9	H2-Db
5MZM	D	271	H2-Db
5MZM	E	99	H2-Db
5MZM	F	9	H2-Db
