Template_ID;Template_peptide;Target_ID;Target_peptide
3mrb;NLVPMVHTV;1duz;LLFGYPVYV
3mrb;NLVPMVHTV;1tvb;ITDQVPFSV
3mrb;NLVPMVHTV;2v2w;SLYNTVATL
3mrb;NLVPMVHTV;3pwn;LLYGFVNYI
3mrb;NLVPMVHTV;4k7f;VCWGELMNL
1k5n;GRFAAAIAK;1ogt;RRKWRRWHL
1k5n;GRFAAAIAK;1w0w;RRLPIFSRL
1k5n;GRFAAAIAK;2a83;RRRWHRWRL
1k5n;GRFAAAIAK;2bst;SRYWAIRTR
1k5n;GRFAAAIAK;3bp4;IRAAPPPLF
2cik;KPIVVLHGY;1a9e;LPPLDITPY
2cik;KPIVVLHGY;3lkn;LPFERATIM
2cik;KPIVVLHGY;3lkp;LPFDKSTIM
2cik;KPIVVLHGY;3lkr;LPFERATVM
2cik;KPIVVLHGY;3lks;LPFEKSTVM
3kpm;EEYLKAWTF;1m6o;EEFGRAFSF
3kpm;EEYLKAWTF;1sys;EEPTVIKKY
3kpm;EEYLKAWTF;3kpp;EEYLQAFTY
3kpm;EEYLKAWTF;3l3j;EEAGAAFSF
3kpm;EEYLKAWTF;3l3k;EEFGAAASF
3bzf;VMAPRALLL;1kpr;VMAPRTVLL
3bzf;VMAPRALLL;1ktl;VTAPRTLLL
3bzf;VMAPRALLL;2esv;VMAPRTLIL
3bzf;VMAPRALLL;3am8;VMGPRTLIL
3bzf;VMAPRALLL;3bze;VMAPRTLFL